{ 
   "intents": [ 
		{
			"intent": "CarControlIntent",
			"slots": [
				{
					"name": "Direction",
					"type": "LIST_OF_DIRECTIONS"
				},
				{
					"name": "Turn",
					"type": "LIST_OF_TURNS"
				}
			]
		},
		{
			"intent": "CarLightColorIntent",
			"slots": [
				{
					"name": "Color",
					"type": "LIST_OF_COLORS"
				}
			]
		},
		{
			"intent": "StopCarIntent",
			"slots": [
				{
					"name": "stop",
					"type": "STOP"
				}
			]
		},
		{
			"intent": "SupportedSpeedsIntent"
		},
		{
			"intent": "SupportedDirectionsIntent"
		},
     	{
			"intent": "SupportedTurnsIntent"
		},
		{
			"intent": "SupportedColorsIntent"
		},
		{
			"intent": "GetSessionIDIntent"
		},
		{
			"intent": "AMAZON.HelpIntent"
		}, 
		{ 
			"intent": "AMAZON.StopIntent" 
		}, 
		{ 
			"intent": "AMAZON.CancelIntent" 
		} 
	] 
 } 
